Quarter,Company,InventoryRatio,RevenueGrowth,Marketshare,Bond rating,Stock rating,Region,Industry,QuickRatio,Sales
Q1,CMP01,5.44,0.05,-0.04,CCC,Buy,South,Metal Fabrication,2.02,1507
Q2,CMP01,5.77,0.03,0,CCC,Hold,South,Metal Fabrication,2.01,2968
Q3,CMP01,4.1,0.06,-0.02,BBB,Buy,South,Metal Fabrication,2.02,3007
Q4,CMP01,1.58,0.01,0.02,BBB,Buy,South,Metal Fabrication,1.98,1467
Q5,CMP01,2.56,-0.07,0.02,CCC,Buy,South,Metal Fabrication,1.96,2860
Q6,CMP01,2.16,-0.19,0.01,CCC,Buy,South,Metal Fabrication,1.96,1460
Q7,CMP01,3.19,0.05,-0.01,CCC,Buy,South,Metal Fabrication,1.97,1460
Q1,CMP02,3.98,-0.07,-0.02,AAA,Strong Sell,West,Infrastructure,2,3376
Q2,CMP02,4.12,-0.01,-0.01,AA,Strong Sell,West,Infrastructure,2.01,6899
Q3,CMP02,3.23,0.07,0.01,AA,Strong Sell,West,Infrastructure,2.01,3393
Q4,CMP02,5.36,0.08,0.01,A,Sell,West,Infrastructure,1.96,6655
Q5,CMP02,2.68,0.08,-0.02,AA,Hold,West,Infrastructure,1.97,6804
Q6,CMP02,1.42,-0.15,0.01,A,Sell,West,Infrastructure,1.98,3342
Q7,CMP02,2.9,-0.12,0.02,BBB,Hold,West,Infrastructure,1.96,3308
Q1,CMP03,,-0.08,0,BB,Hold,East,Infrastructure,0.7,3178
Q2,CMP03,,0.06,0,BB,Sell,East,Infrastructure,0.68,4666
Q3,CMP03,,-0.14,0,BBB,Sell,East,Infrastructure,0.7,4916
Q4,CMP03,,0.01,-0.02,A,Sell,East,Infrastructure,0.72,5020
Q5,CMP03,,0.05,-0.03,A,Sell,East,Infrastructure,0.72,5030
Q6,CMP03,,-0.13,-0.03,A,Hold,East,Infrastructure,0.72,5099
Q7,CMP03,,0.06,-0.01,BBB,Buy,East,Infrastructure,0.71,4942
Q1,CMP04,5.22,0.05,-0.02,CCC,Hold,East,Infrastructure,2.21,2234
Q2,CMP04,3.25,-0.07,-0.04,CCC,Buy,East,Infrastructure,2.18,4481
Q3,CMP04,2.5,-0.01,-0.04,CCC,Hold,East,Infrastructure,2.17,2146
Q4,CMP04,2.64,0.04,-0.04,CCC,Hold,East,Infrastructure,2.17,2153
Q5,CMP04,2.98,0.02,-0.04,CCC,Hold,East,Infrastructure,2.17,4191
Q6,CMP04,1.72,0.03,-0.02,CCC,Buy,East,Infrastructure,2.19,2172
Q7,CMP04,2.12,0.07,0.01,CCC,Buy,East,Infrastructure,2.17,2254
Q1,CMP05,2.97,-0.1,-0.03,BB,Sell,East,Infrastructure,2.22,5697
Q2,CMP05,2.64,-0.08,0.02,BB,Sell,East,Infrastructure,2.23,11393
Q3,CMP05,1.82,-0.07,0,BBB,Sell,East,Infrastructure,2.22,5796
Q4,CMP05,1.45,-0.09,-0.02,BBB,Sell,East,Infrastructure,2.2,5645
Q5,CMP05,2.33,-0.04,-0.03,BBB,Hold,East,Infrastructure,2.22,5697
Q6,CMP05,2.63,0.04,0,A,Sell,East,Infrastructure,2.23,11686
Q7,CMP05,2.08,-0.02,-0.03,AA,Sell,East,Infrastructure,2.25,5608
Q1,CMP06,7.4,0,0,CCC,Strong Buy,West,Infrastructure,1.38,3749
Q2,CMP06,5.15,0.01,-0.01,CCC,Strong Buy,West,Infrastructure,1.39,3749
Q3,CMP06,3.94,0.04,-0.01,CCC,Buy,West,Infrastructure,1.38,3820
Q4,CMP06,4.91,-0.08,0.02,CCC,Hold,West,Infrastructure,1.39,3755
Q5,CMP06,4.62,0,-0.01,CCC,Buy,West,Infrastructure,1.39,5835
Q6,CMP06,3.52,-0.02,-0.03,CCC,Buy,West,Infrastructure,1.4,3806
Q7,CMP06,3.54,-0.1,-0.02,CCC,Buy,West,Infrastructure,1.36,3713
Q1,CMP07,4.46,0.03,0,BBB,Strong Sell,West,Automobile,1.82,5557
Q2,CMP07,2.03,0.01,0.01,BB,Strong Sell,West,Automobile,1.83,2738
Q3,CMP07,4.16,0.05,0.01,BB,Strong Sell,West,Automobile,1.84,5420
Q4,CMP07,4.04,-0.01,-0.01,BBB,Sell,West,Automobile,1.83,5415
Q5,CMP07,2.03,0.03,-0.01,BBB,Hold,West,Automobile,1.83,2738
Q6,CMP07,3.9,0.04,0.01,BBB,Hold,West,Automobile,1.82,5554
Q7,CMP07,4.14,-0.01,0.02,BB,Hold,West,Automobile,1.8,5406
Q1,CMP08,4.87,0.07,-0.03,AA,Strong Sell,East,Metal Fabrication,1.73,2249
Q2,CMP08,3.38,0.06,-0.02,AA,Strong Sell,East,Metal Fabrication,1.74,1126
Q3,CMP08,3.55,0,-0.01,AA,Strong Sell,East,Metal Fabrication,1.7,2178
Q4,CMP08,4.06,0.03,-0.03,AA,Strong Sell,East,Metal Fabrication,1.71,2198
Q5,CMP08,3,0.04,-0.01,AA,Sell,East,Metal Fabrication,1.69,2221
Q6,CMP08,3.4,-0.08,0.01,AA,Hold,East,Metal Fabrication,1.68,1087
Q7,CMP08,4.04,0,0,A,Sell,East,Metal Fabrication,1.68,2146
Q1,CMP09,,-0.02,0.02,AAA,Buy,West,Metal Fabrication,0.94,1687
Q2,CMP09,10.51,-0.18,0,AAA,Hold,West,Metal Fabrication,0.92,2431
Q3,CMP09,4.17,-0.13,-0.04,AA,Sell,West,Metal Fabrication,0.92,2403
Q4,CMP09,4.88,0.05,0.01,AA,Hold,West,Metal Fabrication,0.91,2364
Q5,CMP09,8.42,-0.05,0,AA,Hold,West,Metal Fabrication,0.91,2349
Q6,CMP09,7.97,-0.14,-0.01,AA,Hold,West,Metal Fabrication,0.9,2349
Q7,CMP09,,0.06,0,AA,Sell,West,Metal Fabrication,0.9,2301
Q1,CMP10,,0.04,0.02,BBB,Sell,South,Automobile,0.95,2044
Q2,CMP10,,0.05,-0.03,A,Sell,South,Automobile,0.95,3053
Q3,CMP10,,0.08,0,AA,Sell,South,Automobile,0.94,3095
Q4,CMP10,,0,0.02,AA,Sell,South,Automobile,0.95,3059
Q5,CMP10,,0.06,0.02,AA,Sell,South,Automobile,0.93,3098
Q6,CMP10,26.9,-0.13,-0.01,A,Sell,South,Automobile,0.93,2887
Q7,CMP10,,0.01,0.02,AA,Hold,South,Automobile,0.95,2952
Q1,CMP11,9.2,-0.02,0.01,B,Strong Sell,North,Infrastructure,1.26,1444
Q2,CMP11,2.84,-0.08,-0.03,B,Sell,North,Infrastructure,1.25,1435
Q3,CMP11,4.33,0.07,-0.01,B,Sell,North,Infrastructure,1.26,2207
Q4,CMP11,6.85,0.03,-0.03,BB,Hold,North,Infrastructure,1.25,1409
Q5,CMP11,3.74,0,0,BB,Buy,North,Infrastructure,1.21,2057
Q6,CMP11,6.99,0.05,0,BB,Buy,North,Infrastructure,1.23,1419
Q7,CMP11,3.72,-0.03,0,BB,Buy,North,Infrastructure,1.23,1393
Q1,CMP12,4,0,-0.02,CCC,Hold,North,Automobile,1.96,2946
Q2,CMP12,1.68,0.07,0.01,B,Sell,North,Automobile,1.98,1455
Q3,CMP12,3.05,0.05,0,BB,Sell,North,Automobile,1.97,2809
Q4,CMP12,2.33,0.03,0.01,BB,Hold,North,Automobile,1.99,1463
Q5,CMP12,3.65,0.03,-0.01,BB,Hold,North,Automobile,1.99,2833
Q6,CMP12,3.64,0.05,0,BB,Hold,North,Automobile,1.96,1441
Q7,CMP12,6.15,0.01,0,BBB,Buy,North,Automobile,1.95,2857
Q1,CMP13,4.25,0.03,0.02,AA,Hold,North,Automobile,2,5566
Q2,CMP13,1.69,0.05,0.02,AA,Hold,North,Automobile,2,2736
Q3,CMP13,2.56,0,0.01,AA,Hold,North,Automobile,2,5636
Q4,CMP13,1.69,0.06,0.01,AA,Buy,North,Automobile,2,2736
Q5,CMP13,2.59,-0.03,0,AA,Buy,North,Automobile,2,5627
Q6,CMP13,2.18,-0.13,0.01,AA,Buy,North,Automobile,2.02,2646
Q7,CMP13,2.76,-0.1,0.01,AA,Hold,North,Automobile,2.01,2750
Q1,CMP14,12.07,-0.09,0.02,BBB,Sell,North,Automobile,1.03,994
Q2,CMP14,5.84,-0.08,0.01,BB,Sell,North,Automobile,1.04,1510
Q3,CMP14,4.25,0.03,0,BBB,Hold,North,Automobile,1.05,1479
Q4,CMP14,3.2,-0.04,-0.02,BBB,Sell,North,Automobile,1.02,1513
Q5,CMP14,12.6,0.02,0,BB,Sell,North,Automobile,1.04,1008
Q6,CMP14,14.45,0.07,-0.02,BB,Sell,North,Automobile,1.05,1498
Q7,CMP14,7.24,-0.07,0.01,BB,Sell,North,Automobile,1.06,1549
Q1,CMP15,,0.08,0.01,AA,Sell,North,Automobile,0.82,768
Q2,CMP15,,-0.08,0,A,Sell,North,Automobile,0.78,1098
Q3,CMP15,,-0.15,0.02,BBB,Sell,North,Automobile,0.78,1047
Q4,CMP15,,-0.01,-0.01,BB,Hold,North,Automobile,0.8,1116
Q5,CMP15,,0.07,0.01,BBB,Sell,North,Automobile,0.78,1108
Q6,CMP15,,0.06,0.01,BBB,Hold,North,Automobile,0.75,1046
Q7,CMP15,,-0.09,0,BBB,Sell,North,Automobile,0.74,1039
Q1,CMP16,,-0.06,0,BBB,Sell,West,Automobile,0.72,1389
Q2,CMP16,,0.05,0.01,BBB,Sell,West,Automobile,0.7,2114
Q3,CMP16,,-0.12,0,A,Sell,West,Automobile,0.68,2078
Q4,CMP16,,0.05,0.02,AA,Hold,West,Automobile,0.7,2129
Q5,CMP16,,0.02,-0.02,AA,Hold,West,Automobile,0.66,2024
Q6,CMP16,,0.07,-0.02,AA,Buy,West,Automobile,0.67,2056
Q7,CMP16,,0.08,-0.03,AA,Buy,West,Automobile,0.68,2028
Q1,CMP17,3.51,-0.11,0,A,Hold,East,Infrastructure,2.07,2739
Q2,CMP17,4.02,0.07,-0.02,A,Hold,East,Infrastructure,2.08,5446
Q3,CMP17,2.67,0,0.02,A,Buy,East,Infrastructure,2.09,2765
Q4,CMP17,2.14,-0.15,0,AA,Hold,East,Infrastructure,2.11,2904
Q5,CMP17,3.68,-0.04,-0.02,AA,Sell,East,Infrastructure,2.11,5718
Q6,CMP17,1.97,0,-0.01,A,Sell,East,Infrastructure,2.1,2778
Q7,CMP17,2.69,0.02,0,A,Hold,East,Infrastructure,2.09,5680
Q1,CMP18,6.64,-0.07,0.01,A,Strong Sell,West,Automobile,1.18,5718
Q2,CMP18,3.87,0.03,0,AA,Sell,West,Automobile,1.19,5636
Q3,CMP18,11.39,0.02,0.02,A,Sell,West,Automobile,1.17,8378
Q4,CMP18,3.72,-0.05,0.01,BBB,Sell,West,Automobile,1.19,8567
Q5,CMP18,6.75,0.01,0.01,BBB,Hold,West,Automobile,1.2,5598
Q6,CMP18,3.92,-0.04,-0.01,BBB,Buy,West,Automobile,1.2,5764
Q7,CMP18,9.04,0.05,-0.03,A,Buy,West,Automobile,1.2,8460
Q1,CMP19,8.82,0.07,-0.03,B,Buy,West,Automobile,1.32,2832
Q2,CMP19,3.17,-0.2,0.01,BB,Hold,West,Automobile,1.31,2626
Q3,CMP19,2.55,-0.13,0,BB,Hold,West,Automobile,1.31,2699
Q4,CMP19,4.18,-0.13,-0.01,BBB,Buy,West,Automobile,1.28,2563
Q5,CMP19,5.2,-0.09,0,BB,Buy,West,Automobile,1.28,2648
Q6,CMP19,4.34,-0.01,0.02,BB,Buy,West,Automobile,1.27,2536
Q7,CMP19,3.98,-0.03,-0.04,BBB,Hold,West,Automobile,1.27,2625
Q1,CMP20,4.85,0.03,0.02,AA,Strong Buy,East,Infrastructure,2.35,4989
Q2,CMP20,4.06,0.03,0.02,A,Buy,East,Infrastructure,2.37,9638
Q3,CMP20,2,0.05,0.01,A,Buy,East,Infrastructure,2.39,5026
Q4,CMP20,1.52,-0.1,-0.04,A,Hold,East,Infrastructure,2.37,4789
Q5,CMP20,2.22,0,-0.02,A,Sell,East,Infrastructure,2.39,5037
Q6,CMP20,3.51,-0.04,0.01,AA,Sell,East,Infrastructure,2.36,9806
Q7,CMP20,1.61,-0.03,0.01,AA,Sell,East,Infrastructure,2.36,4963
Q1,CMP21,4.33,-0.11,0.02,AA,Buy,East,Infrastructure,1.51,2157
Q2,CMP21,2.56,-0.13,0,AA,Buy,East,Infrastructure,1.53,1115
Q3,CMP21,3.25,-0.05,-0.01,AA,Buy,East,Infrastructure,1.53,2185
Q4,CMP21,6.08,0.08,-0.02,A,Buy,East,Infrastructure,1.54,2256
Q5,CMP21,5.48,0.02,-0.02,BBB,Hold,East,Infrastructure,1.52,2225
Q6,CMP21,4.15,-0.02,-0.01,A,Hold,East,Infrastructure,1.54,2301
Q7,CMP21,4.03,0.06,0,A,Sell,East,Infrastructure,1.52,2277
Q1,CMP22,4.06,0.05,-0.03,AA,Strong Buy,East,Automobile,2.4,1790
Q2,CMP22,1.97,-0.15,0,AA,Strong Buy,East,Automobile,2.41,1676
Q3,CMP22,3.14,0.04,0,AA,Strong Buy,East,Automobile,2.4,3315
Q4,CMP22,2.75,0.04,0.01,AA,Strong Buy,East,Automobile,2.41,1651
Q5,CMP22,3.16,0.08,0.01,A,Strong Buy,East,Automobile,2.42,1696
Q6,CMP22,2.18,-0.08,-0.02,AA,Strong Buy,East,Automobile,2.44,1693
Q7,CMP22,2.91,-0.13,-0.01,AA,Buy,East,Automobile,2.45,3435
Q1,CMP23,3.77,-0.01,0,AAA,Strong Sell,East,Metal Fabrication,2.38,1433
Q2,CMP23,2.86,-0.03,0.02,AAA,Strong Sell,East,Metal Fabrication,2.36,2800
Q3,CMP23,2.06,-0.09,0.01,AA,Strong Sell,East,Metal Fabrication,2.37,1400
Q4,CMP23,1.58,-0.08,0.01,AA,Strong Sell,East,Metal Fabrication,2.36,1421
Q5,CMP23,2.13,-0.07,-0.02,A,Strong Sell,East,Metal Fabrication,2.32,1397
Q6,CMP23,1.85,0.04,-0.01,AA,Strong Sell,East,Metal Fabrication,2.3,1399
Q7,CMP23,3.28,-0.03,-0.02,AA,Sell,East,Metal Fabrication,2.26,2813
Q1,CMP24,,0,0.01,AA,Strong Buy,South,Infrastructure,0.73,1586
Q2,CMP24,,-0.03,-0.01,AA,Buy,South,Infrastructure,0.7,2297
Q3,CMP24,,0.01,0.01,A,Buy,South,Infrastructure,0.67,2200
Q4,CMP24,,-0.06,0.02,AA,Buy,South,Infrastructure,0.65,2102
Q5,CMP24,,-0.07,-0.01,A,Buy,South,Infrastructure,0.64,2063
Q6,CMP24,,-0.01,-0.01,A,Hold,South,Infrastructure,0.64,2070
Q7,CMP24,,0.04,0,A,Hold,South,Infrastructure,0.62,1973
Q1,CMP25,5.38,0.01,0.01,A,Hold,South,Automobile,1.58,4118
Q2,CMP25,3.71,-0.01,0,AA,Sell,South,Automobile,1.58,4039
Q3,CMP25,3.32,0.07,0,AA,Hold,South,Automobile,1.56,4000
Q4,CMP25,2.58,-0.05,0.01,A,Buy,South,Automobile,1.57,2014
Q5,CMP25,3.08,-0.12,-0.02,A,Buy,South,Automobile,1.58,3960
Q6,CMP25,3.43,-0.11,0.02,A,Hold,South,Automobile,1.54,3951
Q7,CMP25,2.77,-0.05,0.01,AA,Sell,South,Automobile,1.53,3919
Q1,CMP26,4.25,-0.01,-0.03,CCC,Strong Buy,South,Automobile,2.03,1482
Q2,CMP26,4.75,0.08,0,B,Strong Buy,South,Automobile,2.02,3056
Q3,CMP26,4.1,0.08,0,BB,Buy,South,Automobile,2.03,1482
Q4,CMP26,5.1,0.05,-0.05,BB,Buy,South,Automobile,2.05,2881
Q5,CMP26,4.46,0.01,-0.03,BB,Hold,South,Automobile,2.06,1504
Q6,CMP26,4.4,0,0.01,BB,Buy,South,Automobile,2.08,3027
Q7,CMP26,3.55,0.06,-0.01,BB,Hold,South,Automobile,2.1,1533
Q1,CMP27,4.88,0.04,0,AAA,Strong Buy,South,Metal Fabrication,1.71,8479
Q2,CMP27,3.13,0.02,0,AAA,Strong Buy,South,Metal Fabrication,1.73,4244
Q3,CMP27,3.24,0,0.02,AAA,Strong Buy,South,Metal Fabrication,1.74,8739
Q4,CMP27,3.88,0.05,0,AA,Strong Buy,South,Metal Fabrication,1.75,8745
Q5,CMP27,4.72,0.06,0.01,AA,Strong Buy,South,Metal Fabrication,1.76,8690
Q6,CMP27,3.04,0.04,-0.02,AA,Strong Buy,South,Metal Fabrication,1.77,4342
Q7,CMP27,3.47,0.02,0.02,A,Buy,South,Metal Fabrication,1.78,8717
Q1,CMP28,4.59,0.08,0.01,BB,Strong Sell,East,Infrastructure,2.39,5005
Q2,CMP28,2.82,-0.06,-0.02,BB,Sell,East,Infrastructure,2.4,9942
Q3,CMP28,1.61,-0.14,0,BB,Sell,East,Infrastructure,2.37,4988
Q4,CMP28,2.5,0.05,0.02,BBB,Hold,East,Infrastructure,2.38,4775
Q5,CMP28,2.36,0.03,-0.01,A,Sell,East,Infrastructure,2.4,4903
Q6,CMP28,2.17,0.07,0.01,BBB,Sell,East,Infrastructure,2.42,5127
Q7,CMP28,3.97,-0.02,0.01,BB,Hold,East,Infrastructure,2.42,9827
Q1,CMP29,4.79,0.08,0,AA,Hold,South,Metal Fabrication,2.32,5132
Q2,CMP29,3.86,0.05,0.02,AA,Buy,South,Metal Fabrication,2.34,9991
Q3,CMP29,1.93,0.07,0.01,AA,Buy,South,Metal Fabrication,2.36,5102
Q4,CMP29,1.73,0,0.02,AA,Buy,South,Metal Fabrication,2.38,5141
Q5,CMP29,3.73,0.05,0.02,AA,Hold,South,Metal Fabrication,2.39,10028
Q6,CMP29,1.84,0,0,AA,Buy,South,Metal Fabrication,2.4,5189
Q7,CMP29,2.55,-0.16,0.01,A,Hold,South,Metal Fabrication,2.37,5124
Q1,CMP30,5.11,-0.08,0.01,CCC,Sell,South,Automobile,1.41,6981
Q2,CMP30,5.33,-0.01,-0.02,CCC,Sell,South,Automobile,1.4,6930
Q3,CMP30,3.01,0,0,CCC,Hold,South,Automobile,1.37,6586
Q4,CMP30,4.08,0.03,-0.03,CCC,Buy,South,Automobile,1.37,6824
Q5,CMP30,3.25,0.07,-0.04,CCC,Buy,South,Automobile,1.37,6650
Q6,CMP30,4.26,0.04,-0.04,CCC,Buy,South,Automobile,1.35,9841
Q7,CMP30,5.27,0.08,-0.03,CCC,Buy,South,Automobile,1.37,6844
Q1,CMP31,3.29,-0.05,-0.02,A,Sell,West,Infrastructure,2.32,2914
Q2,CMP31,2.88,0.03,-0.03,A,Sell,West,Infrastructure,2.28,5705
Q3,CMP31,2.22,-0.02,-0.02,A,Hold,West,Infrastructure,2.26,2856
Q4,CMP31,2.14,0.05,-0.03,AA,Buy,West,Infrastructure,2.27,2851
Q5,CMP31,2.14,0.01,0,AA,Buy,West,Infrastructure,2.27,2779
Q6,CMP31,4.73,0.05,0,AA,Buy,West,Infrastructure,2.24,5700
Q7,CMP31,2.61,0,0.01,A,Hold,West,Infrastructure,2.24,2813
Q1,CMP32,4.38,-0.07,0,BB,Buy,North,Automobile,1.94,1628
Q2,CMP32,6.27,0.08,-0.01,BB,Buy,North,Automobile,1.94,3212
Q3,CMP32,1.85,-0.06,-0.02,BB,Buy,North,Automobile,1.95,1684
Q4,CMP32,4.52,-0.01,-0.01,BB,Buy,North,Automobile,1.96,3261
Q5,CMP32,3.92,0.07,-0.04,BB,Buy,North,Automobile,1.96,3307
Q6,CMP32,1.72,0.07,0,BB,Hold,North,Automobile,1.92,1611
Q7,CMP32,3.6,0.08,-0.02,BB,Sell,North,Automobile,1.92,3218
Q1,CMP33,3.94,-0.07,0.01,B,Hold,South,Metal Fabrication,1.83,7522
Q2,CMP33,1.8,0.02,-0.03,BB,Buy,South,Metal Fabrication,1.85,3870
Q3,CMP33,3.54,0.05,0.02,BB,Hold,South,Metal Fabrication,1.86,7892
Q4,CMP33,2.64,-0.05,-0.01,BB,Sell,South,Metal Fabrication,1.86,3891
Q5,CMP33,5.79,0.03,0.02,BB,Sell,South,Metal Fabrication,1.83,7476
Q6,CMP33,3,0.02,-0.01,BB,Sell,South,Metal Fabrication,1.84,7635
Q7,CMP33,3.65,0.06,0.01,BBB,Sell,South,Metal Fabrication,1.84,3849
Q1,CMP34,23.09,-0.04,-0.02,BB,Strong Sell,East,Automobile,0.92,1316
Q2,CMP34,,-0.02,-0.02,BB,Strong Sell,East,Automobile,0.93,2040
Q3,CMP34,16.02,-0.13,0.01,BB,Strong Sell,East,Automobile,0.9,1965
Q4,CMP34,,0.04,0,BB,Strong Sell,East,Automobile,0.89,1904
Q5,CMP34,,-0.01,-0.01,BBB,Strong Sell,East,Automobile,0.86,2021
Q6,CMP34,,-0.06,-0.01,A,Strong Sell,East,Automobile,0.86,1977
Q7,CMP34,,-0.08,0,AA,Sell,East,Automobile,0.86,1996
Q1,CMP35,4.29,-0.02,-0.02,BBB,Buy,East,Infrastructure,1.76,3733
Q2,CMP35,2.38,0.04,0.02,BBB,Buy,East,Infrastructure,1.76,1822
Q3,CMP35,3.18,0.04,0.01,A,Buy,East,Infrastructure,1.73,3574
Q4,CMP35,3.89,0.04,-0.01,BBB,Buy,East,Infrastructure,1.75,3741
Q5,CMP35,3.71,-0.03,-0.04,A,Buy,East,Infrastructure,1.74,3537
Q6,CMP35,1.79,-0.07,0,BBB,Buy,East,Infrastructure,1.75,1811
Q7,CMP35,3.24,-0.09,0,BB,Buy,East,Infrastructure,1.74,3435
Q1,CMP36,4.92,0.07,-0.02,BBB,Buy,South,Metal Fabrication,2.24,2085
Q2,CMP36,3.33,-0.04,0.01,BBB,Buy,South,Metal Fabrication,2.25,4052
Q3,CMP36,1.57,0.04,0,BB,Hold,South,Metal Fabrication,2.26,1993
Q4,CMP36,2.49,-0.08,0.02,BB,Sell,South,Metal Fabrication,2.25,1984
Q5,CMP36,2.12,-0.07,0,BB,Hold,South,Metal Fabrication,2.24,1917
Q6,CMP36,4.51,0.04,0,BB,Buy,South,Metal Fabrication,2.25,3964
Q7,CMP36,2.47,-0.02,0.01,BB,Buy,South,Metal Fabrication,2.24,1976
Q1,CMP37,3.81,-0.13,0.02,B,Hold,North,Metal Fabrication,1.81,1890
Q2,CMP37,6.02,0.05,0,B,Hold,North,Metal Fabrication,1.82,3802
Q3,CMP37,3.36,0.05,0.01,B,Buy,North,Metal Fabrication,1.8,3671
Q4,CMP37,3.06,-0.08,-0.03,B,Buy,North,Metal Fabrication,1.8,1879
Q5,CMP37,3.96,-0.09,-0.03,B,Hold,North,Metal Fabrication,1.82,3684
Q6,CMP37,2.4,-0.17,0,B,Sell,North,Metal Fabrication,1.82,1900
Q7,CMP37,3.73,-0.04,0.02,BB,Sell,North,Metal Fabrication,1.79,3801
Q1,CMP38,,0.04,0.02,A,Buy,South,Infrastructure,0.99,908
Q2,CMP38,9.05,-0.15,-0.01,AA,Buy,South,Infrastructure,1,1366
Q3,CMP38,5.49,0.07,-0.04,AA,Buy,South,Infrastructure,1.02,1359
Q4,CMP38,3.23,-0.15,-0.01,AA,Buy,South,Infrastructure,1.02,1356
Q5,CMP38,4.73,-0.11,-0.02,AA,Hold,South,Infrastructure,1.03,927
Q6,CMP38,4.41,0,-0.01,AA,Buy,South,Infrastructure,1,1328
Q7,CMP38,3.14,-0.08,0.01,AA,Buy,South,Infrastructure,1.02,1365
Q1,CMP39,6.24,0.01,-0.02,AAA,Hold,South,Infrastructure,1.44,4256
Q2,CMP39,3.11,-0.05,0.02,AAA,Buy,South,Infrastructure,1.45,4282
Q3,CMP39,3.69,0.03,0.02,AAA,Hold,South,Infrastructure,1.42,4278
Q4,CMP39,4.74,0.05,-0.01,AAA,Hold,South,Infrastructure,1.43,4304
Q5,CMP39,2.88,-0.08,0.01,AAA,Buy,South,Infrastructure,1.41,4096
Q6,CMP39,3.71,-0.16,-0.04,AAA,Buy,South,Infrastructure,1.37,4035
Q7,CMP39,3.65,-0.03,0,AA,Buy,South,Infrastructure,1.34,4001
Q1,CMP40,3.97,0.02,0.01,AA,Hold,West,Automobile,2.48,4598
Q2,CMP40,2.85,0.01,0,AA,Buy,West,Automobile,2.47,8902
Q3,CMP40,2.03,0.01,0.02,A,Buy,West,Automobile,2.48,4485
Q4,CMP40,1.76,0.05,-0.02,BBB,Hold,West,Automobile,2.48,4471
Q5,CMP40,2.73,-0.05,0.01,A,Hold,West,Automobile,2.49,4489
Q6,CMP40,2.24,0.07,0,A,Hold,West,Automobile,2.48,4425
Q7,CMP40,3.28,-0.09,0.01,A,Sell,West,Automobile,2.45,9075
Q1,CMP41,4.74,0.08,-0.02,CCC,Buy,East,Infrastructure,1.84,6496
Q2,CMP41,2.12,0.04,-0.02,CCC,Buy,East,Infrastructure,1.84,3141
Q3,CMP41,4.03,0.01,0.02,B,Buy,East,Infrastructure,1.86,6371
Q4,CMP41,2.29,-0.16,0,CCC,Buy,East,Infrastructure,1.88,3209
Q5,CMP41,3.62,0.05,0.01,CCC,Hold,East,Infrastructure,1.9,6591
Q6,CMP41,2.35,-0.02,-0.02,CCC,Buy,East,Infrastructure,1.88,3209
Q7,CMP41,3.54,-0.04,0.01,CCC,Hold,East,Infrastructure,1.85,6311
Q1,CMP42,2.64,-0.15,0.01,BBB,Sell,West,Automobile,2.42,3511
Q2,CMP42,2.1,0.08,0.01,BBB,Sell,West,Automobile,2.42,3444
Q3,CMP42,3.64,0.02,0.02,A,Hold,West,Automobile,2.44,7049
Q4,CMP42,1.62,0.08,-0.01,A,Sell,West,Automobile,2.43,3526
Q5,CMP42,2.87,0,0,BBB,Sell,West,Automobile,2.41,3497
Q6,CMP42,2.87,0.05,0.01,A,Sell,West,Automobile,2.39,6844
Q7,CMP42,2.94,0.05,0.01,AA,Sell,West,Automobile,2.39,3511
Q1,CMP43,4.47,0.01,-0.01,AAA,Sell,North,Metal Fabrication,1.79,5342
Q2,CMP43,2.27,0,-0.01,AAA,Sell,North,Metal Fabrication,1.8,2711
Q3,CMP43,4.53,0.03,0.01,AAA,Hold,North,Metal Fabrication,1.81,5555
Q4,CMP43,2.78,0.08,0,AAA,Buy,North,Metal Fabrication,1.81,5490
Q5,CMP43,2.95,0.03,-0.03,AA,Buy,North,Metal Fabrication,1.8,2711
Q6,CMP43,5.23,-0.05,0.01,AA,Buy,North,Metal Fabrication,1.78,5454
Q7,CMP43,2.72,0.05,-0.03,AA,Buy,North,Metal Fabrication,1.76,5433
Q1,CMP44,,-0.04,0.01,CCC,Strong Sell,West,Automobile,0.81,2674
Q2,CMP44,,0.06,0.02,B,Sell,West,Automobile,0.82,4008
Q3,CMP44,,-0.01,0,B,Sell,West,Automobile,0.84,4174
Q4,CMP44,,0.01,0.01,B,Sell,West,Automobile,0.84,4166
Q5,CMP44,,-0.05,-0.01,B,Hold,West,Automobile,0.85,4130
Q6,CMP44,,0.03,0.01,B,Sell,West,Automobile,0.86,4229
Q7,CMP44,,0.06,0.01,BB,Hold,West,Automobile,0.84,4173
Q1,CMP45,5.16,0.05,0.01,BBB,Buy,East,Metal Fabrication,1.72,4839
Q2,CMP45,2.73,-0.07,0.01,BB,Buy,East,Metal Fabrication,1.74,2441
Q3,CMP45,5.44,0.02,0,BBB,Buy,East,Metal Fabrication,1.75,4886
Q4,CMP45,2.52,-0.1,0.02,A,Hold,East,Metal Fabrication,1.74,4932
Q5,CMP45,1.73,-0.04,-0.03,AA,Sell,East,Metal Fabrication,1.74,2441
Q6,CMP45,2.72,-0.13,0.01,A,Hold,East,Metal Fabrication,1.74,4785
Q7,CMP45,2.06,-0.05,-0.03,BBB,Buy,East,Metal Fabrication,1.76,2469
Q1,CMP46,5.2,0.05,0.01,A,Strong Sell,West,Infrastructure,2.21,1795
Q2,CMP46,3.76,-0.02,0,A,Sell,West,Infrastructure,2.18,3465
Q3,CMP46,1.56,-0.12,-0.03,BBB,Hold,West,Infrastructure,2.14,1676
Q4,CMP46,2.7,-0.07,0.01,BB,Sell,West,Infrastructure,2.16,1691
Q5,CMP46,1.97,-0.12,-0.02,BBB,Hold,West,Infrastructure,2.17,1782
Q6,CMP46,3.86,0.02,0,BB,Buy,West,Infrastructure,2.14,3332
Q7,CMP46,2.29,-0.02,0.01,BB,Buy,West,Infrastructure,2.15,1683
Q1,CMP47,7.01,0,0,BB,Sell,South,Metal Fabrication,1.38,1777
Q2,CMP47,2.91,-0.12,0,BB,Sell,South,Metal Fabrication,1.37,1774
Q3,CMP47,2.7,-0.04,-0.03,BBB,Sell,South,Metal Fabrication,1.35,1778
Q4,CMP47,6.79,0.01,0.01,BBB,Sell,South,Metal Fabrication,1.32,1717
Q5,CMP47,3.43,-0.09,-0.03,BBB,Sell,South,Metal Fabrication,1.31,1683
Q6,CMP47,4.01,-0.04,-0.05,BBB,Hold,South,Metal Fabrication,1.31,1670
Q7,CMP47,4.39,0.07,-0.01,BBB,Buy,South,Metal Fabrication,1.29,1655
Q1,CMP48,5.23,-0.03,0.02,CCC,Sell,West,Infrastructure,2.06,2097
Q2,CMP48,5.27,0.02,0.02,CCC,Sell,West,Infrastructure,2.06,4163
Q3,CMP48,4.26,0.08,0.02,B,Sell,West,Infrastructure,2.05,4297
Q4,CMP48,1.54,0.06,-0.01,B,Hold,West,Infrastructure,2.06,2097
Q5,CMP48,6.62,0.06,0.01,B,Hold,West,Infrastructure,2.05,2163
Q6,CMP48,4.39,-0.08,0,BB,Hold,West,Infrastructure,2.06,4239
Q7,CMP48,3.26,0.04,0.02,B,Hold,West,Infrastructure,2.04,2077
Q1,CMP49,4.7,0.04,-0.01,CCC,Buy,South,Metal Fabrication,1.81,5862
Q2,CMP49,2,-0.06,-0.02,CCC,Buy,South,Metal Fabrication,1.82,2961
Q3,CMP49,2.83,-0.11,-0.01,CCC,Hold,South,Metal Fabrication,1.78,5889
Q4,CMP49,2.41,0.06,0.01,CCC,Hold,South,Metal Fabrication,1.79,2912
Q5,CMP49,3.9,-0.15,-0.03,CCC,Buy,South,Metal Fabrication,1.74,5535
Q6,CMP49,2.57,-0.11,-0.04,CCC,Buy,South,Metal Fabrication,1.71,2782
Q7,CMP49,5.37,0.04,0,CCC,Hold,South,Metal Fabrication,1.71,5716
Q1,CMP50,,0.08,0.01,AA,Hold,South,Automobile,0.86,1085
Q2,CMP50,,-0.12,-0.01,AA,Buy,South,Automobile,0.86,1580
Q3,CMP50,,-0.1,-0.01,AA,Buy,South,Automobile,0.86,1538
Q4,CMP50,,0.03,0.02,A,Buy,South,Automobile,0.83,1533
Q5,CMP50,,0.06,0,BBB,Hold,South,Automobile,0.84,1631
Q6,CMP50,,0.08,0.01,BB,Buy,South,Automobile,0.81,1534
Q7,CMP50,,0.05,0.02,BB,Buy,South,Automobile,0.78,1456
Q1,CMP51,4.61,0.02,0.01,AA,Buy,East,Automobile,1.84,3139
Q2,CMP51,1.67,-0.12,-0.02,AA,Hold,East,Automobile,1.84,1571
Q3,CMP51,2.93,0.08,0.02,AA,Sell,East,Automobile,1.84,3179
Q4,CMP51,1.98,-0.09,0,AA,Hold,East,Automobile,1.85,1580
Q5,CMP51,2.91,-0.04,-0.02,AA,Sell,East,Automobile,1.84,3123
Q6,CMP51,2.8,0.03,0.02,AA,Sell,East,Automobile,1.84,1571
Q7,CMP51,5.29,-0.01,0,AA,Sell,East,Automobile,1.83,3109
Q1,CMP52,4.38,0.06,-0.03,BBB,Buy,South,Metal Fabrication,1.88,2472
Q2,CMP52,1.59,-0.11,0.01,BBB,Buy,South,Metal Fabrication,1.86,1215
Q3,CMP52,2.69,0.06,0,BBB,Buy,South,Metal Fabrication,1.86,2462
Q4,CMP52,2.53,0.06,0,A,Buy,South,Metal Fabrication,1.85,1208
Q5,CMP52,5.54,0.06,0.01,A,Buy,South,Metal Fabrication,1.82,2410
Q6,CMP52,2.93,0.02,-0.01,AA,Buy,South,Metal Fabrication,1.83,2367
Q7,CMP52,3.29,0,0.01,AA,Hold,South,Metal Fabrication,1.81,1182
Q1,CMP53,4.26,0.07,-0.04,AA,Buy,South,Metal Fabrication,1.91,1921
Q2,CMP53,1.74,0.05,-0.01,AA,Hold,South,Metal Fabrication,1.88,925
Q3,CMP53,2.6,-0.07,-0.02,A,Hold,South,Metal Fabrication,1.89,1810
Q4,CMP53,1.55,-0.1,-0.01,BBB,Sell,South,Metal Fabrication,1.89,930
Q5,CMP53,2.76,0.03,-0.01,A,Hold,South,Metal Fabrication,1.87,1778
Q6,CMP53,2.68,0.06,-0.03,AA,Buy,South,Metal Fabrication,1.87,920
Q7,CMP53,5.84,0.03,0,A,Buy,South,Metal Fabrication,1.88,1809
Q1,CMP54,27.94,0.05,0.01,BBB,Buy,West,Automobile,1.14,3809
Q2,CMP54,4.64,-0.09,0.02,A,Buy,West,Automobile,1.15,5680
Q3,CMP54,9.76,0,0.02,BBB,Buy,West,Automobile,1.16,3725
Q4,CMP54,5.61,0.04,-0.01,A,Hold,West,Automobile,1.15,5437
Q5,CMP54,3.72,0,0.02,BBB,Sell,West,Automobile,1.13,5451
Q6,CMP54,2.81,-0.11,-0.03,BBB,Sell,West,Automobile,1.13,3799
Q7,CMP54,3.14,-0.03,0,BB,Sell,West,Automobile,1.12,3672
Q1,CMP55,,0.03,-0.02,A,Buy,East,Infrastructure,0.53,1302
Q2,CMP55,,-0.18,-0.01,BBB,Buy,East,Infrastructure,0.51,1880
Q3,CMP55,,0.05,0.01,BB,Hold,East,Infrastructure,0.5,1930
Q4,CMP55,,0.04,-0.02,BB,Sell,East,Infrastructure,0.52,1995
Q5,CMP55,,-0.16,0,BB,Hold,East,Infrastructure,0.54,2003
Q6,CMP55,,-0.07,0.01,BBB,Sell,East,Infrastructure,0.54,2112
Q7,CMP55,,-0.02,0.02,A,Hold,East,Infrastructure,0.53,2016
Q1,CMP56,6.55,0.01,0,AAA,Hold,North,Infrastructure,1.38,3120
Q2,CMP56,5.28,0.06,0.02,AA,Sell,North,Infrastructure,1.37,3041
Q3,CMP56,3.9,-0.01,0.01,AA,Hold,North,Infrastructure,1.39,3097
Q4,CMP56,4.23,-0.02,0,A,Sell,North,Infrastructure,1.4,4687
Q5,CMP56,3.01,-0.06,0,BBB,Sell,North,Infrastructure,1.38,3079
Q6,CMP56,4.97,0.06,0.02,BB,Hold,North,Infrastructure,1.4,3182
Q7,CMP56,2.17,-0.19,-0.04,BB,Buy,North,Infrastructure,1.39,3156
Q1,CMP57,3.84,-0.01,0,BB,Buy,South,Metal Fabrication,2.41,1701
Q2,CMP57,3.08,0.07,-0.03,BB,Hold,South,Metal Fabrication,2.42,3431
Q3,CMP57,2.11,-0.07,0.02,BB,Hold,South,Metal Fabrication,2.42,1726
Q4,CMP57,1.46,-0.11,0,BBB,Buy,South,Metal Fabrication,2.42,1709
Q5,CMP57,2.33,0.07,0.01,BBB,Hold,South,Metal Fabrication,2.42,1709
Q6,CMP57,1.88,-0.05,-0.01,BBB,Buy,South,Metal Fabrication,2.44,1700
Q7,CMP57,3.48,0.06,-0.01,A,Hold,South,Metal Fabrication,2.42,3272
Q1,CMP58,,0.05,-0.01,CCC,Strong Sell,South,Automobile,0.71,2372
Q2,CMP58,,-0.04,0.02,CCC,Strong Sell,South,Automobile,0.69,3420
Q3,CMP58,,-0.1,0,CCC,Sell,South,Automobile,0.7,3585
Q4,CMP58,,0.01,0.01,CCC,Hold,South,Automobile,0.68,3451
Q5,CMP58,,0.08,0.01,B,Hold,South,Automobile,0.68,3349
Q6,CMP58,,0.01,-0.01,B,Buy,South,Automobile,0.69,3471
Q7,CMP58,,0.07,-0.02,B,Buy,South,Automobile,0.67,3403
Q1,CMP59,3.31,-0.1,0.01,BB,Strong Buy,North,Metal Fabrication,2.38,1992
Q2,CMP59,1.85,-0.12,0,BB,Buy,North,Metal Fabrication,2.37,2062
Q3,CMP59,2.74,0,-0.02,BB,Buy,North,Metal Fabrication,2.38,3950
Q4,CMP59,2.05,-0.02,0.01,BBB,Hold,North,Metal Fabrication,2.33,1979
Q5,CMP59,2.06,0.07,0,A,Buy,North,Metal Fabrication,2.35,1967
Q6,CMP59,2.07,0.05,-0.03,BBB,Hold,North,Metal Fabrication,2.36,1908
Q7,CMP59,4.21,0.06,-0.02,BB,Sell,North,Metal Fabrication,2.37,3941
Q1,CMP60,,-0.04,0,BB,Buy,West,Infrastructure,0.91,1413
Q2,CMP60,,-0.07,-0.03,BB,Buy,West,Infrastructure,0.9,2045
Q3,CMP60,,0.04,0,BB,Hold,West,Infrastructure,0.9,2102
Q4,CMP60,,-0.01,-0.01,BB,Buy,West,Infrastructure,0.92,2258
Q5,CMP60,,0.02,0.01,BB,Hold,West,Infrastructure,0.9,2196
Q6,CMP60,,-0.06,0.02,BB,Buy,West,Infrastructure,0.92,2213
Q7,CMP60,,-0.1,-0.02,BB,Buy,West,Infrastructure,0.94,2151
Q1,CMP61,4.5,0.08,0,B,Buy,West,Infrastructure,2.45,4677
Q2,CMP61,2.84,-0.04,0.01,B,Buy,West,Infrastructure,2.47,9324
Q3,CMP61,1.84,0.05,-0.04,B,Hold,West,Infrastructure,2.47,4685
Q4,CMP61,3.01,0.03,0,B,Hold,West,Infrastructure,2.47,4720
Q5,CMP61,2.61,0.07,0,B,Hold,West,Infrastructure,2.47,4589
Q6,CMP61,2.27,0.04,-0.01,B,Buy,West,Infrastructure,2.49,4454
Q7,CMP61,4.08,0.03,0.02,B,Buy,West,Infrastructure,2.48,9252
Q1,CMP62,4.59,-0.09,0,AA,Strong Sell,East,Infrastructure,1.87,1662
Q2,CMP62,3.41,0.07,0.02,A,Strong Sell,East,Infrastructure,1.88,3327
Q3,CMP62,2.68,-0.07,-0.03,AA,Sell,East,Infrastructure,1.86,3300
Q4,CMP62,1.47,-0.15,0.02,A,Sell,East,Infrastructure,1.85,1645
Q5,CMP62,4.63,-0.07,0.02,BBB,Sell,East,Infrastructure,1.84,1636
Q6,CMP62,4.05,0.07,0.01,BBB,Hold,East,Infrastructure,1.84,3196
Q7,CMP62,3.87,-0.02,-0.04,BBB,Hold,East,Infrastructure,1.84,3180
Q1,CMP63,2.95,-0.1,0,A,Hold,South,Metal Fabrication,2.42,1450
Q2,CMP63,2.22,0.03,0.01,AA,Sell,South,Metal Fabrication,2.42,1436
Q3,CMP63,4.22,0.08,0.01,AA,Sell,South,Metal Fabrication,2.43,2795
Q4,CMP63,2.07,0.02,0.01,AA,Hold,South,Metal Fabrication,2.42,1450
Q5,CMP63,1.63,-0.07,0,AA,Hold,South,Metal Fabrication,2.37,1447
Q6,CMP63,2.78,0.02,0.01,AA,Hold,South,Metal Fabrication,2.39,2915
Q7,CMP63,2.38,0.05,0.01,AA,Hold,South,Metal Fabrication,2.41,1387
Q1,CMP64,7.25,0.04,0.02,BB,Strong Sell,South,Automobile,1.45,2367
Q2,CMP64,3.23,-0.02,0,BB,Strong Sell,South,Automobile,1.43,2271
Q3,CMP64,2.81,-0.08,-0.01,BB,Sell,South,Automobile,1.44,2216
Q4,CMP64,4.54,-0.02,-0.02,BBB,Sell,South,Automobile,1.46,2333
Q5,CMP64,3.29,-0.07,-0.05,BB,Hold,South,Automobile,1.47,2355
Q6,CMP64,2.41,-0.08,0.02,BBB,Hold,South,Automobile,1.47,1157
Q7,CMP64,4.46,-0.01,0.02,BB,Sell,South,Automobile,1.48,3431
Q1,CMP65,6.12,0.07,0.01,BB,Hold,South,Automobile,2.2,3366
Q2,CMP65,3.81,-0.04,-0.03,BB,Sell,South,Automobile,2.17,6442
Q3,CMP65,1.56,-0.13,0,BB,Sell,South,Automobile,2.13,3148
Q4,CMP65,2.8,0.02,-0.04,BB,Sell,South,Automobile,2.15,3178
Q5,CMP65,2.6,-0.16,-0.01,BB,Hold,South,Automobile,2.12,6092
Q6,CMP65,3.06,0.07,0,BBB,Hold,South,Automobile,2.13,3008
Q7,CMP65,1.66,-0.07,-0.02,BB,Buy,South,Automobile,2.11,3227
Q1,CMP66,4.5,0.04,0.02,BB,Hold,North,Infrastructure,2.35,3715
Q2,CMP66,3.9,0.08,0.01,BB,Hold,North,Infrastructure,2.35,6997
Q3,CMP66,1.76,-0.04,0.01,BB,Sell,North,Infrastructure,2.32,3561
Q4,CMP66,4.08,0.07,-0.01,BBB,Sell,North,Infrastructure,2.31,3546
Q5,CMP66,3.61,0.03,0,A,Sell,North,Infrastructure,2.33,7364
Q6,CMP66,1.78,0.07,0,A,Sell,North,Infrastructure,2.34,3592
Q7,CMP66,4.79,0.07,0.02,BBB,Sell,North,Infrastructure,2.36,3743
Q1,CMP67,,0.02,0.02,BB,Hold,East,Infrastructure,0.94,1686
Q2,CMP67,,0.01,-0.02,BB,Hold,East,Infrastructure,0.93,2570
Q3,CMP67,,0.02,0,BBB,Hold,East,Infrastructure,0.89,2490
Q4,CMP67,,-0.09,0.01,A,Hold,East,Infrastructure,0.89,2427
Q5,CMP67,,0.03,0,A,Sell,East,Infrastructure,0.88,2472
Q6,CMP67,22.65,-0.14,-0.01,BBB,Hold,East,Infrastructure,0.88,2424
Q7,CMP67,,0.01,-0.03,A,Sell,East,Infrastructure,0.89,2379
Q1,CMP68,3.89,-0.04,-0.05,AA,Sell,West,Infrastructure,1.66,7552
Q2,CMP68,2.15,0.01,-0.01,AA,Sell,West,Infrastructure,1.65,3749
Q3,CMP68,3.25,0.08,0,AA,Sell,West,Infrastructure,1.66,7672
Q4,CMP68,3.34,-0.14,-0.01,AA,Sell,West,Infrastructure,1.66,7531
Q5,CMP68,3.64,0.01,0,A,Sell,West,Infrastructure,1.66,7463
Q6,CMP68,2.38,-0.06,0.01,A,Hold,West,Infrastructure,1.68,3817
Q7,CMP68,3.82,0.08,0.01,AA,Buy,West,Infrastructure,1.68,7539
Q1,CMP69,15.95,-0.16,0,AA,Sell,East,Infrastructure,0.78,2578
Q2,CMP69,,0.05,-0.01,AA,Sell,East,Infrastructure,0.79,3901
Q3,CMP69,,0.01,-0.03,AA,Sell,East,Infrastructure,0.79,3990
Q4,CMP69,,0.02,0.01,AA,Sell,East,Infrastructure,0.8,4005
Q5,CMP69,,0.03,-0.01,AA,Sell,East,Infrastructure,0.78,3922
Q6,CMP69,,-0.12,0.02,AA,Sell,East,Infrastructure,0.8,4092
Q7,CMP69,,-0.06,0.01,AA,Sell,East,Infrastructure,0.79,4095
Q1,CMP70,,-0.08,-0.03,BBB,Sell,West,Automobile,0.84,4745
Q2,CMP70,,-0.11,0.01,BBB,Sell,West,Automobile,0.83,7403
Q3,CMP70,,0.05,-0.02,BBB,Hold,West,Automobile,0.81,7087
Q4,CMP70,,0.08,0.02,BB,Sell,West,Automobile,0.8,7127
Q5,CMP70,,-0.08,0.01,BB,Sell,West,Automobile,0.81,7151
Q6,CMP70,,-0.06,-0.01,BB,Sell,West,Automobile,0.81,7154
Q7,CMP70,,0.04,-0.01,BB,Sell,West,Automobile,0.79,7032
Q1,CMP71,18.03,0.06,-0.02,B,Hold,East,Metal Fabrication,1.19,3985
Q2,CMP71,6.07,0.07,0.02,B,Buy,East,Metal Fabrication,1.2,5917
Q3,CMP71,4.38,-0.09,0,BB,Buy,East,Metal Fabrication,1.18,4032
Q4,CMP71,4.12,-0.02,0.01,BB,Buy,East,Metal Fabrication,1.17,5715
Q5,CMP71,20.11,0.05,0,BB,Buy,East,Metal Fabrication,1.17,3895
Q6,CMP71,4.16,-0.14,0.02,BB,Buy,East,Metal Fabrication,1.18,5705
Q7,CMP71,8.04,0.03,-0.01,BB,Buy,East,Metal Fabrication,1.19,4017
Q1,CMP72,,-0.02,0.01,BBB,Strong Sell,North,Metal Fabrication,0.68,1013
Q2,CMP72,,-0.01,0.01,BBB,Strong Sell,North,Metal Fabrication,0.69,1561
Q3,CMP72,,-0.09,-0.02,A,Sell,North,Metal Fabrication,0.69,1594
Q4,CMP72,,-0.07,-0.04,A,Hold,North,Metal Fabrication,0.69,1558
Q5,CMP72,,0.06,0.01,AA,Buy,North,Metal Fabrication,0.68,1564
Q6,CMP72,,0.06,0.02,AA,Buy,North,Metal Fabrication,0.68,1517
Q7,CMP72,,0.04,-0.01,AA,Buy,North,Metal Fabrication,0.66,1518
Q1,CMP73,,-0.02,0.02,BB,Sell,West,Automobile,0.98,3971
Q2,CMP73,,0.05,-0.02,BBB,Sell,West,Automobile,0.99,6093
Q3,CMP73,,-0.05,0,A,Sell,West,Automobile,0.98,5814
Q4,CMP73,10.59,-0.01,-0.04,BBB,Sell,West,Automobile,1,6088
Q5,CMP73,6.95,-0.03,0,BB,Sell,West,Automobile,1.01,6106
Q6,CMP73,5.85,-0.01,0,BBB,Sell,West,Automobile,0.99,5937
Q7,CMP73,6.01,-0.02,0.02,BBB,Sell,West,Automobile,0.99,5961
Q1,CMP74,6.73,0,-0.04,AAA,Strong Sell,South,Metal Fabrication,1.34,2975
Q2,CMP74,4.46,-0.04,0,AA,Strong Sell,South,Metal Fabrication,1.3,2745
Q3,CMP74,4.15,0,-0.03,AA,Sell,South,Metal Fabrication,1.28,2763
Q4,CMP74,7.43,0.02,0.02,AA,Hold,South,Metal Fabrication,1.27,4147
Q5,CMP74,3.35,0.07,0,AA,Buy,South,Metal Fabrication,1.26,2789
Q6,CMP74,4.39,-0.09,0,AA,Buy,South,Metal Fabrication,1.28,4211
Q7,CMP74,4.02,-0.04,0.02,A,Buy,South,Metal Fabrication,1.3,2832
Q1,CMP75,5.16,0.04,0.02,B,Sell,West,Automobile,2.27,1836
Q2,CMP75,3.83,0.07,0,BB,Sell,West,Automobile,2.28,3571
Q3,CMP75,1.67,0,-0.02,BB,Hold,West,Automobile,2.27,1737
Q4,CMP75,3.32,0.06,-0.03,BBB,Buy,West,Automobile,2.24,1714
Q5,CMP75,2.73,-0.13,0,A,Hold,West,Automobile,2.22,3355
Q6,CMP75,2.09,-0.1,0.01,A,Buy,West,Automobile,2.23,1719
Q7,CMP75,1.83,-0.08,0.01,BBB,Buy,West,Automobile,2.2,1683
